구,동,행정동명,전체세대,1인세대,2인세대,3인세대,4인세대,5인이상세대,1인_비율,2인_비율,3인_비율,4인_비율,5인이상_비율,평균가구원수
종로구,청운효자동,청운효자동,4840,1882,1210,918,609,221,38.88,25.0,18.97,12.58,4.57,2.21
종로구,사직동,사직동,4575,2376,928,674,451,146,51.93,20.28,14.73,9.86,3.19,1.94
종로구,삼청동,삼청동,1049,526,242,140,100,41,50.14,23.07,13.35,9.53,3.91,1.96
종로구,부암동,부암동,4102,1674,1043,726,471,188,40.81,25.43,17.7,11.48,4.58,2.16
종로구,평창동,평창동,7087,2243,1919,1444,1049,432,31.65,27.08,20.38,14.8,6.1,2.4
종로구,무악동,무악동,2967,701,772,740,583,171,23.63,26.02,24.94,19.65,5.76,2.61
종로구,교남동,교남동,4337,1663,1103,845,595,131,38.34,25.43,19.48,13.72,3.02,2.19
종로구,가회동,가회동,1800,899,387,292,161,61,49.94,21.5,16.22,8.94,3.39,1.96
종로구,종로1.2.3.4가동,종로1.2.3.4가동,4895,3935,483,272,148,57,80.39,9.87,5.56,3.02,1.16,1.35
종로구,종로5.6가동,종로5.6가동,3724,2741,542,252,148,41,73.6,14.55,6.77,3.97,1.1,1.45
종로구,이화동,이화동,4484,3010,764,414,228,68,67.13,17.04,9.23,5.08,1.52,1.58
종로구,혜화동,혜화동,9317,5965,1518,949,659,226,64.02,16.29,10.19,7.07,2.43,1.69
종로구,창신1동,창신제1동,2645,1639,543,274,135,54,61.97,20.53,10.36,5.1,2.04,1.66
종로구,창신2동,창신제2동,3881,2055,945,501,295,85,52.95,24.35,12.91,7.6,2.19,1.83
종로구,창신3동,창신제3동,2726,955,785,554,327,105,35.03,28.8,20.32,12.0,3.85,2.23
종로구,숭인1동,숭인제1동,3018,1557,700,426,256,79,51.59,23.19,14.12,8.48,2.62,1.89
종로구,숭인2동,숭인제2동,7056,5125,1092,500,275,64,72.63,15.48,7.09,3.9,0.91,1.45
중구,소공동,소공동,1243,740,225,167,94,17,59.53,18.1,13.44,7.56,1.37,1.74
중구,회현동,회현동,2278,1327,439,298,157,57,58.25,19.27,13.08,6.89,2.5,1.77
중구,명동,명동,1321,907,212,116,66,20,68.66,16.05,8.78,5.0,1.51,1.55
중구,필동,필동,2829,1969,476,226,122,36,69.6,16.83,7.99,4.31,1.27,1.51
중구,장충동,장충동,2960,2068,455,221,158,58,69.86,15.37,7.47,5.34,1.96,1.55
중구,광희동,광희동,3972,2940,583,259,136,54,74.02,14.68,6.52,3.42,1.36,1.44
중구,을지로동,을지로동,2073,1446,384,160,62,21,69.75,18.52,7.72,2.99,1.01,1.47
중구,신당동,신당동,4692,3154,883,376,200,79,67.22,18.82,8.01,4.26,1.68,1.55
중구,다산동,다산동,6701,3333,1639,960,596,173,49.74,24.46,14.33,8.89,2.58,1.91
중구,약수동,약수동,7681,3228,2240,1251,739,223,42.03,29.16,16.29,9.62,2.9,2.04
중구,청구동,청구동,5026,1990,1414,888,566,168,39.59,28.13,17.67,11.26,3.34,2.12
중구,신당5동,신당제5동,5406,2848,1268,756,414,120,52.68,23.46,13.98,7.66,2.22,1.84
중구,동화동,동화동,3949,1099,1102,894,625,229,27.83,27.91,22.64,15.83,5.8,2.47
중구,황학동,황학동,7881,4680,1813,830,429,129,59.38,23.0,10.53,5.44,1.64,1.68
중구,중림동,중림동,5870,2668,1386,1041,603,172,45.45,23.61,17.73,10.27,2.93,2.03
용산구,후암동,후암동,8308,4399,1864,1128,690,227,52.95,22.44,13.58,8.31,2.73,1.87
용산구,용산2가동,용산2가동,4951,2884,1163,540,278,86,58.25,23.49,10.91,5.62,1.74,1.7
용산구,남영동,남영동,5016,3814,685,307,148,62,76.04,13.66,6.12,2.95,1.24,1.4
용산구,청파동,청파동,11530,7575,2097,1033,605,220,65.7,18.19,8.96,5.25,1.91,1.6
용산구,원효로1동,원효로제1동,9373,5246,1879,1248,796,204,55.97,20.05,13.31,8.49,2.18,1.82
용산구,원효로2동,원효로제2동,6319,2727,1474,1176,708,234,43.16,23.33,18.61,11.2,3.7,2.11
용산구,효창동,효창동,4703,1762,1249,919,584,189,37.47,26.56,19.54,12.42,4.02,2.21
용산구,용문동,용문동,5334,2269,1384,953,568,160,42.54,25.95,17.87,10.65,3.0,2.07
용산구,한강로동,한강로동,11182,5964,2354,1640,960,264,53.34,21.05,14.67,8.59,2.36,1.87
용산구,이촌1동,이촌제1동,9136,1753,2320,2521,1962,580,19.19,25.39,27.59,21.48,6.35,2.74
용산구,이촌2동,이촌제2동,3552,1308,1036,681,404,123,36.82,29.17,19.17,11.37,3.46,2.17
용산구,이태원1동,이태원제1동,3093,1761,719,345,197,71,56.94,23.25,11.15,6.37,2.3,1.75
용산구,이태원2동,이태원제2동,4672,2571,1119,563,303,116,55.03,23.95,12.05,6.49,2.48,1.79
용산구,한남동,한남동,6947,3384,1642,1034,629,258,48.71,23.64,14.88,9.05,3.71,1.97
용산구,서빙고동,서빙고동,5058,1706,1222,937,862,331,33.73,24.16,18.53,17.04,6.54,2.42
용산구,보광동,보광동,2808,1540,643,361,207,57,54.84,22.9,12.86,7.37,2.03,1.8
성동구,왕십리2동,왕십리제2동,7336,3018,1805,1387,892,234,41.14,24.6,18.91,12.16,3.19,2.13
성동구,왕십리도선동,왕십리도선동,12010,5133,2723,2247,1505,402,42.74,22.67,18.71,12.53,3.35,2.13
성동구,마장동,마장동,11117,5640,2546,1535,1076,320,50.73,22.9,13.81,9.68,2.88,1.93
성동구,사근동,사근동,8500,6497,994,519,379,111,76.44,11.69,6.11,4.46,1.31,1.43
성동구,행당1동,행당제1동,7361,3050,1758,1358,979,216,41.43,23.88,18.45,13.3,2.93,2.14
성동구,행당2동,행당제2동,9109,2384,2622,2227,1532,344,26.17,28.78,24.45,16.82,3.78,2.45
성동구,응봉동,응봉동,5829,1603,1524,1418,1027,257,27.5,26.15,24.33,17.62,4.41,2.47
성동구,금호1가동,금호1가동,6328,2187,1717,1367,844,213,34.56,27.13,21.6,13.34,3.37,2.25
성동구,금호2.3가동,금호2.3가동,9365,3352,2594,1991,1165,263,35.79,27.7,21.26,12.44,2.81,2.2
성동구,금호4가동,금호4가동,6289,2273,1733,1354,757,172,36.14,27.56,21.53,12.04,2.73,2.19
성동구,옥수동,옥수동,10723,3107,3141,2624,1465,386,28.98,29.29,24.47,13.66,3.6,2.35
성동구,성수1가1동,성수1가제1동,7257,3171,1862,1269,770,185,43.7,25.66,17.49,10.61,2.55,2.04
성동구,성수1가2동,성수1가제2동,7084,3141,1833,1200,741,169,44.34,25.88,16.94,10.46,2.39,2.02
성동구,성수2가1동,성수2가제1동,7100,3628,1711,999,609,153,51.1,24.1,14.07,8.58,2.15,1.88
성동구,성수2가3동,성수2가제3동,4883,2562,1025,682,450,164,52.47,20.99,13.97,9.22,3.36,1.92
성동구,송정동,송정동,5109,2911,1113,593,396,96,56.98,21.79,11.61,7.75,1.88,1.77
성동구,용답동,용답동,8371,5513,1597,741,401,119,65.86,19.08,8.85,4.79,1.42,1.58
광진구,화양동,화양동,18240,15201,1913,668,364,94,83.34,10.49,3.66,2.0,0.52,1.26
광진구,군자동,군자동,11262,7159,2097,1164,656,186,63.57,18.62,10.34,5.82,1.65,1.64
광진구,중곡1동,중곡제1동,8602,4968,1992,954,529,159,57.75,23.16,11.09,6.15,1.85,1.72
광진구,중곡2동,중곡제2동,10506,5355,2570,1465,864,252,50.97,24.46,13.94,8.22,2.4,1.88
광진구,중곡3동,중곡제3동,8440,4522,2067,1071,603,177,53.58,24.49,12.69,7.14,2.1,1.81
광진구,중곡4동,중곡제4동,13190,5755,3499,2236,1324,376,43.63,26.53,16.95,10.04,2.85,2.03
광진구,능동,능동,6348,3909,1296,632,388,123,61.58,20.42,9.96,6.11,1.94,1.67
광진구,광장동,광장동,11722,2358,2197,3386,3157,624,20.12,18.74,28.89,26.93,5.32,2.81
광진구,자양1동,자양제1동,12147,6867,2698,1425,936,221,56.53,22.21,11.73,7.71,1.82,1.77
광진구,자양2동,자양제2동,12209,4899,3059,2301,1527,423,40.13,25.06,18.85,12.51,3.46,2.16
광진구,자양3동,자양제3동,10947,3281,2782,2483,1924,477,29.97,25.41,22.68,17.58,4.36,2.43
광진구,자양4동,자양제4동,11380,6512,2500,1384,777,207,57.22,21.97,12.16,6.83,1.82,1.75
광진구,구의1동,구의제1동,13586,8132,2796,1506,887,265,59.86,20.58,11.08,6.53,1.95,1.71
광진구,구의2동,구의제2동,11545,4665,2930,2092,1448,410,40.41,25.38,18.12,12.54,3.55,2.15
광진구,구의3동,구의제3동,12041,4433,2796,2491,1847,474,36.82,23.22,20.69,15.34,3.94,2.28
동대문구,신설동,신설동,9590,5862,1737,1118,712,161,61.13,18.11,11.66,7.42,1.68,1.71
동대문구,용두동,용두동,12851,7430,2580,1578,1015,248,57.82,20.08,12.28,7.9,1.93,1.77
동대문구,제기동,제기동,12875,7721,2556,1441,870,287,59.97,19.85,11.19,6.76,2.23,1.73
동대문구,전농1동,전농제1동,16513,8013,3736,2607,1721,436,48.53,22.62,15.79,10.42,2.64,1.97
동대문구,전농2동,전농제2동,7353,2333,2049,1553,1118,300,31.73,27.87,21.12,15.2,4.08,2.34
동대문구,답십리1동,답십리제1동,12993,5365,3152,2530,1564,382,41.29,24.26,19.47,12.04,2.94,2.13
동대문구,답십리2동,답십리제2동,12673,4930,3425,2408,1503,407,38.9,27.03,19.0,11.86,3.21,2.15
동대문구,장안1동,장안제1동,18667,8872,4346,3028,1849,572,47.53,23.28,16.22,9.91,3.06,1.99
동대문구,장안2동,장안제2동,15074,5982,3629,2872,2055,536,39.68,24.07,19.05,13.63,3.56,2.19
동대문구,청량리동,청량리동,9900,5214,2396,1303,754,233,52.67,24.2,13.16,7.62,2.35,1.84
동대문구,회기동,회기동,6770,4829,946,522,372,101,71.33,13.97,7.71,5.49,1.49,1.53
동대문구,휘경1동,휘경제1동,9043,4899,1858,1247,830,209,54.17,20.55,13.79,9.18,2.31,1.86
동대문구,휘경2동,휘경제2동,12698,7029,2460,1681,1207,321,55.36,19.37,13.24,9.51,2.53,1.86
동대문구,이문1동,이문제1동,15710,7976,3154,2544,1673,363,50.77,20.08,16.19,10.65,2.31,1.95
동대문구,이문2동,이문제2동,8142,3157,2024,1531,1117,313,38.77,24.86,18.8,13.72,3.84,2.21
중랑구,면목2동,면목제2동,12048,5936,3054,1764,1035,259,49.27,25.35,14.64,8.59,2.15,1.9
중랑구,면목4동,면목제4동,8916,4152,2345,1372,816,231,46.57,26.3,15.39,9.15,2.59,1.96
중랑구,면목5동,면목제5동,6174,2156,1716,1284,829,189,34.92,27.79,20.8,13.43,3.06,2.23
중랑구,면목본동,면목본동,17739,9646,4240,2362,1204,287,54.38,23.9,13.32,6.79,1.62,1.78
중랑구,면목7동,면목제7동,10501,4940,2725,1636,956,244,47.04,25.95,15.58,9.1,2.32,1.95
중랑구,면목3.8동,면목제3.8동,12723,6535,3216,1749,971,252,51.36,25.28,13.75,7.63,1.98,1.85
중랑구,상봉1동,상봉제1동,10351,3835,2741,2064,1392,319,37.05,26.48,19.94,13.45,3.08,2.21
중랑구,상봉2동,상봉제2동,14003,9177,2808,1209,657,152,65.54,20.05,8.63,4.69,1.09,1.56
중랑구,중화1동,중화제1동,8757,3640,2498,1541,858,220,41.57,28.53,17.6,9.8,2.51,2.04
중랑구,중화2동,중화제2동,14374,7837,3483,1828,969,257,54.52,24.23,12.72,6.74,1.79,1.78
중랑구,묵1동,묵제1동,14857,5716,3721,2801,1987,632,38.47,25.05,18.85,13.37,4.25,2.22
중랑구,묵2동,묵제2동,9196,4454,2429,1281,827,205,48.43,26.41,13.93,8.99,2.23,1.91
중랑구,망우본동,망우본동,18885,8800,4445,3074,2032,534,46.6,23.54,16.28,10.76,2.83,2.01
중랑구,망우3동,망우제3동,8253,4256,2056,1205,564,172,51.57,24.91,14.6,6.83,2.08,1.84
중랑구,신내1동,신내1동,14747,4098,4103,3176,2489,881,27.79,27.82,21.54,16.88,5.97,2.48
중랑구,신내2동,신내2동,8824,3310,2514,1739,1022,239,37.51,28.49,19.71,11.58,2.71,2.15
성북구,성북동,성북동,8040,4106,1825,1149,699,261,51.07,22.7,14.29,8.69,3.25,1.92
성북구,삼선동,삼선동,11481,6165,2375,1522,1107,312,53.7,20.69,13.26,9.64,2.72,1.88
성북구,동선동,동선동,9909,7029,1532,767,459,122,70.94,15.46,7.74,4.63,1.23,1.5
성북구,돈암1동,돈암제1동,5986,2020,1633,1247,861,225,33.75,27.28,20.83,14.38,3.76,2.29
성북구,돈암2동,돈암제2동,8519,1842,2158,2221,1790,508,21.62,25.33,26.07,21.01,5.96,2.67
성북구,안암동,안암동,10546,7727,1411,779,482,147,73.27,13.38,7.39,4.57,1.39,1.48
성북구,보문동,보문동,8068,3896,1936,1268,770,198,48.29,24.0,15.72,9.54,2.45,1.95
성북구,정릉1동,정릉제1동,7354,2385,1816,1636,1178,339,32.43,24.69,22.25,16.02,4.61,2.38
성북구,정릉2동,정릉제2동,9511,3310,2612,1948,1271,370,34.8,27.46,20.48,13.36,3.89,2.26
성북구,정릉3동,정릉제3동,7976,4948,1514,827,523,164,62.04,18.98,10.37,6.56,2.06,1.69
성북구,정릉4동,정릉제4동,10759,4098,2901,2037,1342,381,38.09,26.96,18.93,12.47,3.54,2.18
성북구,길음1동,길음제1동,12793,2560,2813,3437,3317,666,20.01,21.99,26.87,25.93,5.21,2.77
성북구,길음2동,길음제2동,8641,2500,2066,2084,1579,412,28.93,23.91,24.12,18.27,4.77,2.48
성북구,종암동,종암동,17221,7271,3992,3107,2271,580,42.22,23.18,18.04,13.19,3.37,2.14
성북구,월곡1동,월곡제1동,10583,3545,2795,2197,1630,416,33.5,26.41,20.76,15.4,3.93,2.32
성북구,월곡2동,월곡제2동,9640,4941,2137,1402,884,276,51.26,22.17,14.54,9.17,2.86,1.92
성북구,장위1동,장위제1동,10596,4349,2680,1909,1291,367,41.04,25.29,18.02,12.18,3.46,2.13
성북구,장위2동,장위제2동,7842,3455,2147,1279,763,198,44.06,27.38,16.31,9.73,2.52,2.01
성북구,장위3동,장위제3동,7684,2270,1875,1833,1405,301,29.54,24.4,23.85,18.28,3.92,2.45
성북구,석관동,석관동,16658,7729,4268,2707,1533,421,46.4,25.62,16.25,9.2,2.53,1.97
강북구,삼양동,삼양동,11714,4917,3170,1995,1287,345,41.98,27.06,17.03,10.99,2.95,2.07
강북구,미아동,미아동,11806,6977,2521,1413,696,199,59.1,21.35,11.97,5.9,1.69,1.71
강북구,송중동,송중동,13573,6355,3350,2166,1339,363,46.82,24.68,15.96,9.87,2.67,1.98
강북구,송천동,송천동,12121,6078,3077,1765,949,252,50.14,25.39,14.56,7.83,2.08,1.87
강북구,삼각산동,삼각산동,11510,2874,2778,2809,2460,589,24.97,24.14,24.4,21.37,5.12,2.6
강북구,번1동,번1동,9676,5976,2003,1002,561,134,61.76,20.7,10.36,5.8,1.38,1.65
강북구,번2동,번2동,7391,3441,2098,1114,569,169,46.56,28.39,15.07,7.7,2.29,1.92
강북구,번3동,번3동,7516,3060,2277,1248,720,211,40.71,30.3,16.6,9.58,2.81,2.05
강북구,수유1동,수유1동,10468,5495,2538,1404,809,222,52.49,24.25,13.41,7.73,2.12,1.84
강북구,수유2동,수유2동,9649,4051,2717,1637,943,301,41.98,28.16,16.97,9.77,3.12,2.05
강북구,수유3동,수유3동,13608,8474,2812,1371,732,219,62.27,20.66,10.07,5.38,1.61,1.64
강북구,우이동,우이동,9656,4246,2656,1570,911,273,43.97,27.51,16.26,9.43,2.83,2.01
강북구,인수동,인수동,14127,6437,3791,2253,1226,420,45.57,26.84,15.95,8.68,2.97,1.98
도봉구,창1동,창제1동,10584,4139,2836,1991,1317,301,39.11,26.8,18.81,12.44,2.84,2.15
도봉구,창2동,창제2동,12759,4824,3637,2377,1489,432,37.81,28.51,18.63,11.67,3.39,2.16
도봉구,창3동,창제3동,6332,2810,1766,1021,575,160,44.38,27.89,16.12,9.08,2.53,1.99
도봉구,창4동,창제4동,11300,3935,2863,2355,1732,415,34.82,25.34,20.84,15.33,3.67,2.3
도봉구,창5동,창제5동,10332,3629,2782,2145,1390,386,35.12,26.93,20.76,13.45,3.74,2.26
도봉구,도봉1동,도봉제1동,10260,4936,2864,1471,742,247,48.11,27.91,14.34,7.23,2.41,1.89
도봉구,도봉2동,도봉제2동,11829,4359,3477,2228,1362,403,36.85,29.39,18.84,11.51,3.41,2.17
도봉구,쌍문1동,쌍문제1동,9778,4032,2599,1785,1027,335,41.24,26.58,18.26,10.5,3.43,2.1
도봉구,쌍문2동,쌍문제2동,8424,3527,2377,1399,887,234,41.87,28.22,16.61,10.53,2.78,2.06
도봉구,쌍문3동,쌍문제3동,8216,3947,2040,1288,746,195,48.04,24.83,15.68,9.08,2.37,1.94
도봉구,쌍문4동,쌍문제4동,7091,1830,1965,1763,1248,285,25.81,27.71,24.86,17.6,4.02,2.48
도봉구,방학1동,방학제1동,13244,5726,3267,2203,1558,490,43.23,24.67,16.63,11.76,3.7,2.1
도봉구,방학2동,방학제2동,9043,4246,2499,1316,742,240,46.95,27.63,14.55,8.21,2.65,1.93
도봉구,방학3동,방학제3동,9926,2267,2948,2416,1794,501,22.84,29.7,24.34,18.07,5.05,2.55
노원구,월계1동,월계1동,10317,5111,2255,1596,1036,319,49.54,21.86,15.47,10.04,3.09,1.97
노원구,월계2동,월계2동,11572,4591,3188,2068,1364,361,39.67,27.55,17.87,11.79,3.12,2.13
노원구,월계3동,월계3동,12809,4670,3769,2552,1467,351,36.46,29.42,19.92,11.45,2.74,2.16
노원구,공릉1동,공릉1동,18941,10169,4026,2570,1696,480,53.69,21.26,13.57,8.95,2.53,1.87
노원구,공릉2동,공릉2동,18060,6961,3973,3573,2892,661,38.54,22.0,19.78,16.01,3.66,2.26
노원구,하계1동,하계1동,12253,5757,2440,2010,1684,362,46.98,19.91,16.4,13.74,2.95,2.07
노원구,하계2동,하계2동,7576,1828,1929,1887,1623,309,24.13,25.46,24.91,21.42,4.08,2.58
노원구,중계본동,중계본동,7844,1648,1619,1901,2135,541,21.01,20.64,24.24,27.22,6.9,2.82
노원구,중계1동,중계1동,8922,1524,1650,2615,2692,441,17.08,18.49,29.31,30.17,4.94,2.9
노원구,중계4동,중계4동,8108,2896,2033,1582,1282,315,35.72,25.07,19.51,15.81,3.89,2.29
노원구,중계2.3동,중계2.3동,14901,5907,4237,2692,1738,327,39.64,28.43,18.07,11.66,2.19,2.09
노원구,상계1동,상계1동,15648,5286,4316,3176,2247,623,33.78,27.58,20.3,14.36,3.98,2.29
노원구,상계2동,상계2동,8581,3525,1987,1594,1195,280,41.08,23.16,18.58,13.93,3.26,2.17
노원구,상계3.4동,상계3.4동,12288,4997,3095,2116,1629,451,40.67,25.19,17.22,13.26,3.67,2.16
노원구,상계5동,상계5동,10840,4745,2862,1816,1107,310,43.77,26.4,16.75,10.21,2.86,2.03
노원구,상계6.7동,상계6.7동,13702,4999,3752,2786,1813,352,36.48,27.38,20.33,13.23,2.57,2.19
노원구,상계8동,상계8동,9102,2485,2862,2260,1292,203,27.3,31.44,24.83,14.19,2.23,2.34
노원구,상계9동,상계9동,8298,2621,2482,1812,1162,221,31.59,29.91,21.84,14.0,2.66,2.28
노원구,상계10동,상계10동,7736,2406,2266,1674,1170,220,31.1,29.29,21.64,15.12,2.84,2.31
은평구,녹번동,녹번동,17531,7888,4534,2916,1745,448,44.99,25.86,16.63,9.95,2.56,2.0
은평구,불광1동,불광제1동,16309,6849,4367,2860,1761,472,42.0,26.78,17.54,10.8,2.89,2.07
은평구,불광2동,불광제2동,14181,7318,3560,1940,1026,337,51.6,25.1,13.68,7.24,2.38,1.85
은평구,갈현1동,갈현제1동,7202,3474,1798,1087,668,175,48.24,24.97,15.09,9.28,2.43,1.94
은평구,갈현2동,갈현제2동,12726,5272,3434,2172,1449,399,41.43,26.98,17.07,11.39,3.14,2.09
은평구,구산동,구산동,13542,5103,3657,2592,1652,538,37.68,27.0,19.14,12.2,3.97,2.2
은평구,대조동,대조동,15537,8850,3644,1804,956,283,56.96,23.45,11.61,6.15,1.82,1.73
은평구,응암1동,응암제1동,15150,6357,3871,2620,1790,512,41.96,25.55,17.29,11.82,3.38,2.11
은평구,응암2동,응암제2동,10949,3124,2788,2709,1865,463,28.53,25.46,24.74,17.03,4.23,2.45
은평구,응암3동,응암제3동,12513,6612,3100,1660,878,263,52.84,24.77,13.27,7.02,2.1,1.82
은평구,역촌동,역촌동,21329,8899,5741,3766,2258,665,41.72,26.92,17.66,10.59,3.12,2.08
은평구,신사1동,신사제1동,12023,4673,3383,2223,1345,399,38.87,28.14,18.49,11.19,3.32,2.14
은평구,신사2동,신사제2동,9063,3547,2448,1712,1069,287,39.14,27.01,18.89,11.8,3.17,2.14
은평구,증산동,증산동,6583,2247,1812,1251,929,344,34.13,27.53,19.0,14.11,5.23,2.31
은평구,수색동,수색동,8596,2327,2432,1941,1500,396,27.07,28.29,22.58,17.45,4.61,2.47
은평구,진관동,진관동,21543,6775,4796,4452,4155,1365,31.45,22.26,20.67,19.29,6.34,2.5
서대문구,천연동,천연동,7612,3099,1902,1449,925,237,40.71,24.99,19.04,12.15,3.11,2.14
서대문구,북아현동,북아현동,7012,2789,1681,1460,908,174,39.77,23.97,20.82,12.95,2.48,2.16
서대문구,충현동,충현동,9927,5124,2068,1468,977,290,51.62,20.83,14.79,9.84,2.92,1.93
서대문구,신촌동,신촌동,15558,12648,1603,714,437,156,81.3,10.3,4.59,2.81,1.0,1.32
서대문구,연희동,연희동,18697,10888,3743,2232,1371,463,58.23,20.02,11.94,7.33,2.48,1.77
서대문구,홍제1동,홍제제1동,11204,4329,3014,2107,1353,401,38.64,26.9,18.81,12.08,3.58,2.17
서대문구,홍제3동,홍제제3동,7924,3050,2064,1593,953,264,38.49,26.05,20.1,12.03,3.33,2.17
서대문구,홍제2동,홍제제2동,5223,1773,1440,1125,702,183,33.95,27.57,21.54,13.44,3.5,2.27
서대문구,홍은1동,홍은제1동,10415,3684,2878,2081,1348,424,35.37,27.63,19.98,12.94,4.07,2.25
서대문구,홍은2동,홍은제2동,12745,5309,3171,2242,1570,453,41.66,24.88,17.59,12.32,3.55,2.13
서대문구,남가좌1동,남가좌제1동,6395,1425,1403,1726,1454,387,22.28,21.94,26.99,22.74,6.05,2.71
서대문구,남가좌2동,남가좌제2동,13244,5597,2961,2464,1834,388,42.26,22.36,18.6,13.85,2.93,2.14
서대문구,북가좌1동,북가좌제1동,6714,1703,1732,1654,1265,360,25.36,25.8,24.64,18.84,5.36,2.56
서대문구,북가좌2동,북가좌제2동,14508,6377,3783,2410,1495,443,43.96,26.08,16.61,10.3,3.05,2.04
마포구,아현동,아현동,12118,3778,3066,2944,1964,366,31.18,25.3,24.29,16.21,3.02,2.36
마포구,공덕동,공덕동,18498,9180,4139,2924,1812,443,49.63,22.38,15.81,9.8,2.39,1.94
마포구,도화동,도화동,9294,3742,2202,1775,1248,327,40.26,23.69,19.1,13.43,3.52,2.18
마포구,용강동,용강동,9266,3413,2031,2015,1489,318,36.83,21.92,21.75,16.07,3.43,2.29
마포구,대흥동,대흥동,8689,5675,1439,824,614,137,65.31,16.56,9.48,7.07,1.58,1.64
마포구,염리동,염리동,7710,3269,1563,1461,1186,231,42.4,20.27,18.95,15.38,3.0,2.18
마포구,신수동,신수동,10109,4090,2310,2019,1359,331,40.46,22.85,19.97,13.44,3.27,2.18
마포구,서강동,서강동,12294,6144,2406,2028,1397,319,49.98,19.57,16.5,11.36,2.59,1.98
마포구,서교동,서교동,15135,10398,2500,1246,757,234,68.7,16.52,8.23,5.0,1.55,1.55
마포구,합정동,합정동,8865,5033,2033,1070,556,173,56.77,22.93,12.07,6.27,1.95,1.75
마포구,망원1동,망원제1동,10017,5295,2449,1260,779,234,52.86,24.45,12.58,7.78,2.34,1.83
마포구,망원2동,망원제2동,8176,3393,2229,1316,1003,235,41.5,27.26,16.1,12.27,2.87,2.09
마포구,연남동,연남동,8296,5130,1656,861,508,141,61.84,19.96,10.38,6.12,1.7,1.67
마포구,성산1동,성산제1동,9644,4965,2209,1351,836,283,51.48,22.91,14.01,8.67,2.93,1.9
마포구,성산2동,성산제2동,19676,9905,4343,2995,1941,492,50.34,22.07,15.22,9.86,2.5,1.93
마포구,상암동,상암동,12793,4920,2815,2453,2016,589,38.46,22.0,19.17,15.76,4.6,2.28
양천구,목1동,목1동,10312,1688,2003,3122,2915,584,16.37,19.42,30.28,28.27,5.66,2.9
양천구,목2동,목2동,13246,5659,3292,2270,1605,420,42.72,24.85,17.14,12.12,3.17,2.1
양천구,목3동,목3동,10079,4436,2578,1741,1056,268,44.01,25.58,17.27,10.48,2.66,2.04
양천구,목4동,목4동,9889,3431,2147,2048,1821,442,34.7,21.71,20.71,18.41,4.47,2.38
양천구,목5동,목5동,13528,1768,2681,4122,4166,791,13.07,19.82,30.47,30.8,5.85,2.99
양천구,신월1동,신월1동,9879,4967,2503,1437,768,204,50.28,25.34,14.55,7.77,2.06,1.87
양천구,신월2동,신월2동,8706,2869,2291,1807,1324,415,32.95,26.32,20.76,15.21,4.77,2.35
양천구,신월3동,신월3동,7420,4042,1756,884,534,204,54.47,23.67,11.91,7.2,2.75,1.81
양천구,신월4동,신월4동,6767,1847,1884,1600,1108,328,27.29,27.84,23.64,16.37,4.85,2.46
양천구,신월5동,신월5동,6359,2563,1659,1132,761,244,40.31,26.09,17.8,11.97,3.84,2.15
양천구,신월6동,신월6동,5309,1246,1425,1359,1034,245,23.47,26.84,25.6,19.48,4.61,2.57
양천구,신월7동,신월7동,9068,3974,2660,1480,739,215,43.82,29.33,16.32,8.15,2.37,1.97
양천구,신정1동,신정1동,6957,1403,1418,1927,1832,377,20.17,20.38,27.7,26.33,5.42,2.79
양천구,신정2동,신정2동,6885,1630,1410,1678,1803,364,23.67,20.48,24.37,26.19,5.29,2.72
양천구,신정3동,신정3동,18375,5164,4974,4081,3253,903,28.1,27.07,22.21,17.7,4.91,2.47
양천구,신정4동,신정4동,16650,8625,3953,2282,1369,421,51.8,23.74,13.71,8.22,2.53,1.87
양천구,신정6동,신정6동,8216,1132,1872,2501,2263,448,13.78,22.78,30.44,27.54,5.45,2.91
양천구,신정7동,신정7동,11460,3533,2810,2565,2126,426,30.83,24.52,22.38,18.55,3.72,2.42
강서구,염창동,염창동,16865,5185,3824,4032,3205,619,30.74,22.67,23.91,19.0,3.67,2.44
강서구,등촌1동,등촌제1동,14299,8325,2991,1691,1056,236,58.22,20.92,11.83,7.39,1.65,1.74
강서구,등촌2동,등촌제2동,8638,3353,2186,1679,1093,327,38.82,25.31,19.44,12.65,3.79,2.19
강서구,등촌3동,등촌제3동,15052,7508,3773,2111,1336,324,49.88,25.07,14.02,8.88,2.15,1.89
강서구,화곡1동,화곡제1동,28307,15862,6631,3504,1759,551,56.04,23.43,12.38,6.21,1.95,1.76
강서구,화곡2동,화곡제2동,8263,3649,2180,1377,809,248,44.16,26.38,16.66,9.79,3.0,2.03
강서구,화곡3동,화곡제3동,9662,4041,2468,1637,1142,374,41.82,25.54,16.94,11.82,3.87,2.12
강서구,화곡4동,화곡제4동,9665,4382,2664,1541,834,244,45.34,27.56,15.94,8.63,2.52,1.97
강서구,화곡본동,화곡본동,17269,9221,4015,2276,1365,392,53.4,23.25,13.18,7.9,2.27,1.84
강서구,화곡6동,화곡제6동,13436,7098,2897,1887,1237,317,52.83,21.56,14.04,9.21,2.36,1.88
강서구,화곡8동,화곡제8동,11504,5355,3165,1741,940,303,46.55,27.51,15.13,8.17,2.63,1.94
강서구,가양1동,가양제1동,21043,14426,3034,1952,1282,349,68.55,14.42,9.28,6.09,1.66,1.59
강서구,가양2동,가양제2동,7897,4830,1856,731,362,118,61.16,23.5,9.26,4.58,1.49,1.62
강서구,가양3동,가양제3동,7529,3795,2268,987,396,83,50.41,30.12,13.11,5.26,1.1,1.77
강서구,발산1동,발산제1동,13614,3559,3503,3080,2771,701,26.14,25.73,22.62,20.35,5.15,2.55
강서구,우장산동,우장산동,17461,5063,4034,4026,3517,821,29.0,23.1,23.06,20.14,4.7,2.51
강서구,공항동,공항동,13768,6215,3119,2266,1670,498,45.14,22.65,16.46,12.13,3.62,2.08
강서구,방화1동,방화제1동,16829,5180,4363,3556,2928,802,30.78,25.93,21.13,17.4,4.77,2.42
강서구,방화2동,방화제2동,12373,6637,2938,1574,945,279,53.64,23.75,12.72,7.64,2.25,1.82
강서구,방화3동,방화제3동,11103,5396,2870,1622,949,266,48.6,25.85,14.61,8.55,2.4,1.91
구로구,신도림동,신도림동,14441,4038,3672,3392,2749,590,27.96,25.43,23.49,19.04,4.09,2.48
구로구,구로1동,구로제1동,8425,2573,2295,1811,1417,329,30.54,27.24,21.5,16.82,3.91,2.38
구로구,구로2동,구로제2동,12075,6504,2990,1518,798,265,53.86,24.76,12.57,6.61,2.19,1.8
구로구,구로3동,구로제3동,13708,8648,2561,1398,874,227,63.09,18.68,10.2,6.38,1.66,1.66
구로구,구로4동,구로제4동,10064,5524,2542,1253,587,158,54.89,25.26,12.45,5.83,1.57,1.75
구로구,구로5동,구로제5동,15597,8512,3341,2177,1208,359,54.57,21.42,13.96,7.75,2.3,1.83
구로구,가리봉동,가리봉동,6199,4560,1029,396,170,44,73.56,16.6,6.39,2.74,0.71,1.41
구로구,고척1동,고척제1동,11708,4041,3243,2434,1641,349,34.51,27.7,20.79,14.02,2.98,2.25
구로구,고척2동,고척제2동,11321,4295,3018,2111,1498,399,37.94,26.66,18.65,13.23,3.52,2.2
구로구,개봉1동,개봉제1동,15404,5850,4330,2895,1811,518,37.98,28.11,18.79,11.76,3.36,2.16
구로구,개봉2동,개봉제2동,12716,4138,3718,2686,1654,520,32.54,29.24,21.12,13.01,4.09,2.29
구로구,개봉3동,개봉제3동,8551,2987,2688,1673,936,267,34.93,31.43,19.56,10.95,3.12,2.17
구로구,오류1동,오류제1동,13344,7846,2837,1532,867,262,58.8,21.26,11.48,6.5,1.96,1.73
구로구,오류2동,오류제2동,15497,5313,4378,2917,2172,717,34.28,28.25,18.82,14.02,4.63,2.29
구로구,수궁동,수궁동,9927,3601,2961,1816,1156,393,36.27,29.83,18.29,11.65,3.96,2.19
구로구,항동,항동,6166,1597,1433,1467,1325,344,25.9,23.24,23.79,21.49,5.58,2.6
금천구,가산동,가산동,18931,14804,2492,983,510,142,78.2,13.16,5.19,2.69,0.75,1.35
금천구,독산1동,독산제1동,26782,15287,5544,3243,2138,570,57.08,20.7,12.11,7.98,2.13,1.78
금천구,독산2동,독산제2동,9354,4846,2408,1234,672,194,51.81,25.74,13.19,7.18,2.07,1.83
금천구,독산3동,독산제3동,12732,6920,3110,1665,809,228,54.35,24.43,13.08,6.35,1.79,1.78
금천구,독산4동,독산제4동,7415,3772,1848,1077,560,158,50.87,24.92,14.52,7.55,2.13,1.86
금천구,시흥1동,시흥제1동,16308,8211,3917,2349,1444,387,50.35,24.02,14.4,8.85,2.37,1.9
금천구,시흥2동,시흥제2동,8138,2385,2285,1725,1318,425,29.31,28.08,21.2,16.2,5.22,2.43
금천구,시흥3동,시흥제3동,4665,1759,1372,901,493,140,37.71,29.41,19.31,10.57,3.0,2.13
금천구,시흥4동,시흥제4동,8807,3584,2541,1504,916,262,40.69,28.85,17.08,10.4,2.97,2.08
금천구,시흥5동,시흥제5동,8927,4266,2393,1328,730,210,47.79,26.81,14.88,8.18,2.35,1.92
영등포구,영등포본동,영등포본동,10418,5141,2381,1587,1051,258,49.35,22.85,15.23,10.09,2.48,1.95
영등포구,영등포동,영등포동,22352,17043,2973,1360,795,181,76.25,13.3,6.08,3.56,0.81,1.4
영등포구,여의동,여의동,14248,4544,3622,3081,2322,679,31.89,25.42,21.62,16.3,4.77,2.39
영등포구,당산1동,당산제1동,11981,6804,2696,1415,838,228,56.79,22.5,11.81,6.99,1.9,1.76
영등포구,당산2동,당산제2동,19007,10254,3394,2801,2042,516,53.95,17.86,14.74,10.74,2.71,1.92
영등포구,도림동,도림동,9973,5595,2281,1242,668,187,56.1,22.87,12.45,6.7,1.88,1.76
영등포구,문래동,문래동,12971,4032,3254,2912,2254,519,31.08,25.09,22.45,17.38,4.0,2.4
영등포구,양평1동,양평제1동,10597,5659,2388,1459,881,210,53.4,22.53,13.77,8.31,1.98,1.84
영등포구,양평2동,양평제2동,11324,5390,2619,1800,1254,261,47.6,23.13,15.9,11.07,2.3,1.99
영등포구,신길1동,신길제1동,11719,7599,2095,1160,698,167,64.84,17.88,9.9,5.96,1.43,1.62
영등포구,신길3동,신길제3동,7869,3428,2005,1366,887,183,43.56,25.48,17.36,11.27,2.33,2.04
영등포구,신길4동,신길제4동,5710,2447,1448,1023,641,151,42.85,25.36,17.92,11.23,2.64,2.07
영등포구,신길5동,신길제5동,4447,1878,1143,749,530,147,42.23,25.7,16.84,11.92,3.31,2.1
영등포구,신길6동,신길제6동,9204,4617,2166,1323,866,232,50.16,23.53,14.37,9.41,2.52,1.92
영등포구,신길7동,신길제7동,7865,2236,2045,1757,1467,360,28.43,26.0,22.34,18.65,4.58,2.47
영등포구,대림1동,대림제1동,6793,3196,1813,1018,605,161,47.05,26.69,14.99,8.91,2.37,1.94
영등포구,대림2동,대림제2동,6866,4072,1617,727,333,117,59.31,23.55,10.59,4.85,1.7,1.67
영등포구,대림3동,대림제3동,10275,4461,2831,1727,979,277,43.42,27.55,16.81,9.53,2.7,2.02
동작구,노량진1동,노량진제1동,18536,10487,3711,2337,1552,449,56.58,20.02,12.61,8.37,2.42,1.81
동작구,노량진2동,노량진제2동,5449,4098,817,318,172,44,75.21,14.99,5.84,3.16,0.81,1.4
동작구,상도1동,상도제1동,23253,12509,4483,3312,2385,564,53.8,19.28,14.24,10.26,2.43,1.89
동작구,상도2동,상도제2동,12317,5017,2840,2329,1729,402,40.73,23.06,18.91,14.04,3.26,2.18
동작구,상도3동,상도제3동,12241,6221,2800,1815,1100,305,50.82,22.87,14.83,8.99,2.49,1.91
동작구,상도4동,상도제4동,14784,7219,3484,2343,1381,357,48.83,23.57,15.85,9.34,2.41,1.94
동작구,흑석동,흑석동,13027,4646,3059,2832,2007,483,35.66,23.48,21.74,15.41,3.71,2.3
동작구,사당1동,사당제1동,14004,9126,2739,1284,687,168,65.17,19.56,9.17,4.91,1.2,1.58
동작구,사당2동,사당제2동,12499,4582,3376,2495,1592,454,36.66,27.01,19.96,12.74,3.63,2.21
동작구,사당3동,사당제3동,10437,3912,2642,2056,1448,379,37.48,25.31,19.7,13.87,3.63,2.23
동작구,사당4동,사당제4동,7322,3863,1711,956,626,166,52.76,23.37,13.06,8.55,2.27,1.85
동작구,사당5동,사당제5동,6609,2837,1648,1216,734,174,42.93,24.94,18.4,11.11,2.63,2.07
동작구,대방동,대방동,16076,7481,3271,2604,2141,579,46.54,20.35,16.2,13.32,3.6,2.09
동작구,신대방1동,신대방제1동,10476,4373,2326,1864,1501,412,41.74,22.2,17.79,14.33,3.93,2.18
동작구,신대방2동,신대방제2동,11034,5443,2327,1653,1228,383,49.33,21.09,14.98,11.13,3.47,2.0
관악구,보라매동,보라매동,12967,7363,2900,1517,908,279,56.78,22.36,11.7,7.0,2.15,1.76
관악구,청림동,청림동,6343,2177,1813,1327,825,201,34.32,28.58,20.92,13.01,3.17,2.24
관악구,성현동,성현동,12913,4561,3296,2610,1947,499,35.32,25.52,20.21,15.08,3.86,2.29
관악구,행운동,행운동,18359,12572,3073,1513,952,249,68.48,16.74,8.24,5.19,1.36,1.55
관악구,낙성대동,낙성대동,12657,9702,1629,744,424,158,76.65,12.87,5.88,3.35,1.25,1.4
관악구,청룡동,청룡동,24943,18599,3280,1723,1068,273,74.57,13.15,6.91,4.28,1.09,1.45
관악구,은천동,은천동,16065,7914,3802,2230,1655,464,49.26,23.67,13.88,10.3,2.89,1.95
관악구,중앙동,중앙동,10575,7821,1600,644,396,114,73.96,15.13,6.09,3.74,1.08,1.43
관악구,인헌동,인헌동,15115,9508,2924,1470,944,269,62.9,19.35,9.73,6.25,1.78,1.66
관악구,남현동,남현동,9825,5737,2056,1145,684,203,58.39,20.93,11.65,6.96,2.07,1.74
관악구,서원동,서원동,15550,11089,2640,1086,558,177,71.31,16.98,6.98,3.59,1.14,1.47
관악구,신원동,신원동,11391,7845,2099,848,472,127,68.87,18.43,7.44,4.14,1.11,1.51
관악구,서림동,서림동,15888,11367,2483,1185,649,204,71.54,15.63,7.46,4.08,1.28,1.49
관악구,신사동,신사동,14822,10547,2331,1149,613,182,71.16,15.73,7.75,4.14,1.23,1.49
관악구,신림동,신림동,19787,17173,1863,450,236,65,86.79,9.42,2.27,1.19,0.33,1.19
관악구,난향동,난향동,6125,2028,1655,1236,913,293,33.11,27.02,20.18,14.91,4.78,2.34
관악구,조원동,조원동,12683,8426,2293,1156,654,154,66.44,18.08,9.11,5.16,1.21,1.57
관악구,대학동,대학동,18629,14848,2047,1014,549,171,79.7,10.99,5.44,2.95,0.92,1.35
관악구,삼성동,삼성동,9804,4181,2765,1619,944,295,42.65,28.2,16.51,9.63,3.01,2.04
관악구,미성동,미성동,14081,6458,3504,2231,1434,454,45.86,24.88,15.84,10.18,3.22,2.02
관악구,난곡동,난곡동,12789,6373,3262,1839,1038,277,49.83,25.51,14.38,8.12,2.17,1.88
서초구,서초1동,서초1동,9571,4432,1989,1544,1214,392,46.31,20.78,16.13,12.68,4.1,2.1
서초구,서초2동,서초2동,11555,5203,2180,2046,1664,462,45.03,18.87,17.71,14.4,4.0,2.15
서초구,서초3동,서초3동,15710,7649,3158,2401,1863,639,48.69,20.1,15.28,11.86,4.07,2.05
서초구,서초4동,서초4동,10713,2245,2137,2801,2847,683,20.96,19.95,26.15,26.58,6.38,2.81
서초구,잠원동,잠원동,13135,3610,2677,3223,2921,704,27.48,20.38,24.54,22.24,5.36,2.6
서초구,반포본동,반포본동,101,49,19,17,14,2,48.51,18.81,16.83,13.86,1.98,2.03
서초구,반포1동,반포1동,14428,5999,2393,2718,2652,666,41.58,16.59,18.84,18.38,4.62,2.3
서초구,반포2동,반포2동,8611,986,1803,2423,2574,825,11.45,20.94,28.14,29.89,9.58,3.1
서초구,반포3동,반포3동,8228,1323,1839,2348,2215,503,16.08,22.35,28.54,26.92,6.11,2.88
서초구,반포4동,반포4동,6854,1735,1613,1738,1331,437,25.31,23.53,25.36,19.42,6.38,2.61
서초구,방배본동,방배본동,7825,2364,1739,1656,1547,519,30.21,22.22,21.16,19.77,6.63,2.54
서초구,방배1동,방배1동,7560,3128,1854,1281,993,304,41.38,24.52,16.94,13.13,4.02,2.16
서초구,방배2동,방배2동,7735,2875,2040,1449,1038,333,37.17,26.37,18.73,13.42,4.31,2.23
서초구,방배3동,방배3동,5768,1238,1495,1504,1158,373,21.46,25.92,26.07,20.08,6.47,2.67
서초구,방배4동,방배4동,10649,3579,2418,2135,1944,573,33.61,22.71,20.05,18.26,5.38,2.42
서초구,양재1동,양재1동,17450,6234,4448,3299,2512,957,35.72,25.49,18.91,14.4,5.48,2.31
서초구,양재2동,양재2동,11020,5846,2359,1454,1057,304,53.05,21.41,13.19,9.59,2.76,1.89
서초구,내곡동,내곡동,6982,2220,1931,1419,1028,384,31.8,27.66,20.32,14.72,5.5,2.37
강남구,신사동,신사동,6535,2464,1503,1240,994,334,37.7,23.0,18.97,15.21,5.11,2.3
강남구,논현1동,논현1동,13458,9388,2210,1014,609,237,69.76,16.42,7.53,4.53,1.76,1.53
강남구,논현2동,논현2동,11108,6337,2151,1448,899,273,57.05,19.36,13.04,8.09,2.46,1.81
강남구,압구정동,압구정동,9953,2657,2476,2343,1833,644,26.7,24.88,23.54,18.42,6.47,2.56
강남구,청담동,청담동,11511,4413,2551,2200,1761,586,38.34,22.16,19.11,15.3,5.09,2.29
강남구,삼성1동,삼성1동,5554,2035,1371,1028,832,288,36.64,24.68,18.51,14.98,5.19,2.3
강남구,삼성2동,삼성2동,13798,6008,2619,2506,2112,553,43.54,18.98,18.16,15.31,4.01,2.19
강남구,대치1동,대치1동,7195,555,1182,2081,2725,652,7.71,16.43,28.92,37.87,9.06,3.29
강남구,대치2동,대치2동,13411,2487,2722,3597,3759,846,18.54,20.3,26.82,28.03,6.31,2.86
강남구,대치4동,대치4동,9584,5330,1750,1211,994,299,55.61,18.26,12.64,10.37,3.12,1.89
강남구,역삼1동,역삼1동,23862,17738,3496,1457,852,319,74.34,14.65,6.11,3.57,1.34,1.44
강남구,역삼2동,역삼2동,15622,6428,2419,3199,2978,598,41.15,15.48,20.48,19.06,3.83,2.31
강남구,도곡1동,도곡1동,8483,2788,1781,1811,1683,420,32.87,20.99,21.35,19.84,4.95,2.45
강남구,도곡2동,도곡2동,11281,2160,2525,3055,2826,715,19.15,22.38,27.08,25.05,6.34,2.8
강남구,개포1동,개포1동,9127,1334,2130,2616,2385,662,14.62,23.34,28.66,26.13,7.25,2.92
강남구,개포2동,개포2동,14175,2363,3324,4018,3605,865,16.67,23.45,28.35,25.43,6.1,2.84
강남구,개포3동,개포3동,6943,2526,1823,1414,972,208,36.38,26.26,20.37,14.0,3.0,2.22
강남구,개포4동,개포4동,10049,3654,2396,2073,1487,439,36.36,23.84,20.63,14.8,4.37,2.29
강남구,세곡동,세곡동,20172,7786,4679,3695,2974,1038,38.6,23.2,18.32,14.74,5.15,2.27
강남구,일원본동,일원본동,7926,1477,1778,2199,2070,402,18.63,22.43,27.74,26.12,5.07,2.79
강남구,일원1동,일원1동,7468,3759,1895,1031,584,199,50.33,25.37,13.81,7.82,2.66,1.88
강남구,수서동,수서동,7564,3971,2093,908,445,147,52.5,27.67,12.0,5.88,1.94,1.78
송파구,풍납1동,풍납1동,5111,2113,1385,932,536,145,41.34,27.1,18.24,10.49,2.84,2.08
송파구,풍납2동,풍납2동,10624,4371,2431,2018,1464,340,41.14,22.88,18.99,13.78,3.2,2.17
송파구,거여1동,거여1동,5667,2408,1488,952,624,195,42.49,26.26,16.8,11.01,3.44,2.08
송파구,거여2동,거여2동,10060,3389,2854,2055,1370,392,33.69,28.37,20.43,13.62,3.9,2.28
송파구,마천1동,마천1동,7265,3065,1942,1213,799,246,42.19,26.73,16.7,11.0,3.39,2.08
송파구,마천2동,마천2동,8395,3713,2263,1393,788,238,44.23,26.96,16.59,9.39,2.84,2.01
송파구,방이1동,방이1동,6134,2026,1382,1345,1084,297,33.03,22.53,21.93,17.67,4.84,2.41
송파구,방이2동,방이2동,16259,10407,3145,1574,879,254,64.01,19.34,9.68,5.41,1.56,1.62
송파구,오륜동,오륜동,5872,691,1469,1697,1594,421,11.77,25.02,28.9,27.15,7.17,2.97
송파구,오금동,오금동,15738,5083,4146,3419,2401,689,32.3,26.34,21.72,15.26,4.38,2.35
송파구,송파1동,송파1동,12504,6770,2862,1578,971,323,54.14,22.89,12.62,7.77,2.58,1.83
송파구,송파2동,송파2동,6980,1885,1664,1743,1350,338,27.01,23.84,24.97,19.34,4.84,2.54
송파구,석촌동,석촌동,17077,9778,3816,1922,1220,341,57.26,22.35,11.25,7.14,2.0,1.75
송파구,삼전동,삼전동,16002,9162,3491,1929,1090,330,57.26,21.82,12.05,6.81,2.06,1.76
송파구,가락본동,가락본동,11714,4997,2840,2131,1372,374,42.66,24.24,18.19,11.71,3.19,2.1
송파구,가락1동,가락1동,9757,1655,2435,2805,2339,523,16.96,24.96,28.75,23.97,5.36,2.78
송파구,가락2동,가락2동,11749,3637,2754,2711,2204,443,30.96,23.44,23.07,18.76,3.77,2.43
송파구,문정1동,문정1동,8999,3674,2106,1644,1211,364,40.83,23.4,18.27,13.46,4.04,2.19
송파구,문정2동,문정2동,15800,8979,3161,1936,1339,385,56.83,20.01,12.25,8.47,2.44,1.81
송파구,장지동,장지동,13239,4132,3785,2928,1899,495,31.21,28.59,22.12,14.34,3.74,2.33
송파구,위례동,위례동,15037,2258,3116,3942,4358,1363,15.02,20.72,26.22,28.98,9.06,3.01
송파구,잠실본동,잠실본동,15963,9811,3090,1704,1076,282,61.46,19.36,10.67,6.74,1.77,1.69
송파구,잠실2동,잠실2동,11511,1609,2140,3380,3659,723,13.98,18.59,29.36,31.79,6.28,3.01
송파구,잠실3동,잠실3동,11767,1802,2989,3298,2954,724,15.31,25.4,28.03,25.1,6.15,2.84
송파구,잠실4동,잠실4동,11319,1636,2755,3308,2836,784,14.45,24.34,29.23,25.06,6.93,2.89
송파구,잠실6동,잠실6동,5782,975,1516,1616,1302,373,16.86,26.22,27.95,22.52,6.45,2.79
송파구,잠실7동,잠실7동,3368,541,987,901,700,239,16.06,29.31,26.75,20.78,7.1,2.77
강동구,강일동,강일동,13898,3980,3770,2834,2520,794,28.64,27.13,20.39,18.13,5.71,2.48
강동구,상일1동,상일제1동,13539,2063,3050,3986,3682,758,15.24,22.53,29.44,27.2,5.6,2.88
강동구,상일2동,상일제2동,5266,1718,1159,948,1036,405,32.62,22.01,18.0,19.67,7.69,2.52
강동구,명일1동,명일제1동,10025,2743,2615,2437,1845,385,27.36,26.08,24.31,18.4,3.84,2.47
강동구,명일2동,명일제2동,6433,1748,1371,1443,1476,395,27.17,21.31,22.43,22.94,6.14,2.63
강동구,고덕1동,고덕제1동,8141,1381,1619,2223,2450,468,16.96,19.89,27.31,30.09,5.75,2.91
강동구,고덕2동,고덕제2동,10362,2841,2429,2544,2075,473,27.42,23.44,24.55,20.03,4.56,2.53
강동구,암사1동,암사제1동,15859,6839,4076,2779,1763,402,43.12,25.7,17.52,11.12,2.53,2.06
강동구,암사2동,암사제2동,6413,2133,1823,1399,850,208,33.26,28.43,21.82,13.25,3.24,2.26
강동구,암사3동,암사제3동,6037,1068,1517,1643,1415,394,17.69,25.13,27.22,23.44,6.53,2.79
강동구,천호1동,천호제1동,12420,6035,3145,1878,1057,305,48.59,25.32,15.12,8.51,2.46,1.92
강동구,천호2동,천호제2동,19297,9808,4791,2728,1554,416,50.83,24.83,14.14,8.05,2.16,1.87
강동구,천호3동,천호제3동,15830,9049,3459,1967,1066,289,57.16,21.85,12.43,6.73,1.83,1.75
강동구,성내1동,성내제1동,8239,2785,2215,1738,1191,310,33.8,26.88,21.09,14.46,3.76,2.29
강동구,성내2동,성내제2동,13917,8111,3070,1664,849,223,58.28,22.06,11.96,6.1,1.6,1.71
강동구,성내3동,성내제3동,10664,4835,2694,1679,1141,315,45.34,25.26,15.74,10.7,2.95,2.02
강동구,길동,길동,24369,11618,5947,3743,2380,681,47.68,24.4,15.36,9.77,2.79,1.97
강동구,둔촌1동,둔촌제1동,11969,1965,3213,3397,2791,603,16.42,26.84,28.38,23.32,5.04,2.76
강동구,둔촌2동,둔촌제2동,10971,3659,2964,2336,1642,370,33.35,27.02,21.29,14.97,3.37,2.3
